Image_name,Genotype,Plant_number,Cell_type,Count,Total_area,Avg_area,Percent_area,Mean_intensity,Integrated_density,Script_Version
Segmented_GiantCells_pAR254xPDFflagATML1ox-col-F1#1-10x-s1i1_Maximumintensityprojection.tif,pAR254xPDFflagATML1ox,1,Giant,44,11763,267.341,0.561,53.913,15477.432,3
Segmented_GiantCells_pAR254xPDFflagATML1ox-col-F1#1-10x-s2i1_Maximumintensityprojection.tif,pAR254xPDFflagATML1ox,1,Giant,34,9327,274.324,0.445,60.523,17947.618,3
Segmented_GiantCells_pAR254xPDFflagATML1ox-col-F1#1-10x-s3i1_Maximumintensityprojection.tif,pAR254xPDFflagATML1ox,1,Giant,48,13083,272.562,0.624,55.054,16725.833,3
Segmented_GiantCells_pAR254xPDFflagATML1ox-col-F1#1-10x-s4i1_Maximumintensityprojection.tif,pAR254xPDFflagATML1ox,1,Giant,40,11494,287.35,0.548,53.102,17074.075,3
Segmented_GiantCells_pAR254xPDFflagATML1ox-col-F1#10-10x-s1i1_Maximumintensityprojection.tif,pAR254xPDFflagATML1ox,10,Giant,38,10342,272.158,0.493,60.198,18935.789,3
Segmented_GiantCells_pAR254xPDFflagATML1ox-col-F1#10-10x-s2i1_Maximumintensityprojection.tif,pAR254xPDFflagATML1ox,10,Giant,39,10309,264.333,0.492,50.902,14631.846,3
Segmented_GiantCells_pAR254xPDFflagATML1ox-col-F1#11-10x-s1i1_Maximumintensityprojection.tif,pAR254xPDFflagATML1ox,11,Giant,35,11724,334.971,0.559,59.93,21897.743,3
Segmented_GiantCells_pAR254xPDFflagATML1ox-col-F1#11-10x-s2i1_Maximumintensityprojection.tif,pAR254xPDFflagATML1ox,11,Giant,42,12944,308.19,0.617,62.149,20265.929,3
Segmented_GiantCells_pAR254xPDFflagATML1ox-col-F1#12-10x-s1i1_Maximumintensityprojection.tif,pAR254xPDFflagATML1ox,12,Giant,27,6546,242.444,0.312,47.551,12725.148,3
Segmented_GiantCells_pAR254xPDFflagATML1ox-col-F1#12-10x-s2i1_Maximumintensityprojection.tif,pAR254xPDFflagATML1ox,12,Giant,23,7248,315.13,0.346,61.043,19928.609,3
Segmented_GiantCells_pAR254xPDFflagATML1ox-col-F1#3-10x-s1i1_Maximumintensityprojection.tif,pAR254xPDFflagATML1ox,3,Giant,36,10792,299.778,0.515,67.093,20392.833,3
Segmented_GiantCells_pAR254xPDFflagATML1ox-col-F1#3-10x-s2i1_Maximumintensityprojection.tif,pAR254xPDFflagATML1ox,3,Giant,31,8598,277.355,0.205,62.74,19518.516,3
Segmented_GiantCells_pAR254xPDFflagATML1ox-col-F1#4-10x-s1i1_Maximumintensityprojection.tif,pAR254xPDFflagATML1ox,4,Giant,42,12504,297.714,0.596,66.497,20810.286,3
Segmented_GiantCells_pAR254xPDFflagATML1ox-col-F1#4-10x-s2i1_Maximumintensityprojection.tif,pAR254xPDFflagATML1ox,4,Giant,45,12267,272.6,0.585,57.111,16948.489,3
Segmented_GiantCells_pAR254xPDFflagATML1ox-col-F1#5-10x-s1i1_Maximumintensityprojection.tif,pAR254xPDFflagATML1ox,5,Giant,26,7164,275.538,0.342,59.786,18724.462,3
Segmented_GiantCells_pAR254xPDFflagATML1ox-col-F1#5-10x-s2i1_Maximumintensityprojection.tif,pAR254xPDFflagATML1ox,5,Giant,28,8470,302.5,0.404,72.871,24132.071,3
Segmented_GiantCells_pAR254xPDFflagATML1ox-col-F1#6-10x-s1i1_Maximumintensityprojection.tif,pAR254xPDFflagATML1ox,6,Giant,23,7795,338.913,0.372,65.93,23431.739,3
Segmented_GiantCells_pAR254xPDFflagATML1ox-col-F1#6-10x-s2i1_Maximumintensityprojection.tif,pAR254xPDFflagATML1ox,6,Giant,32,8361,261.281,0.399,74.672,21249.969,3
Segmented_GiantCells_pAR254xPDFflagATML1ox-col-F1#7-10x-s1i1_Maximumintensityprojection.tif,pAR254xPDFflagATML1ox,7,Giant,32,11118,347.438,0.53,62.343,22462.188,3
Segmented_GiantCells_pAR254xPDFflagATML1ox-col-F1#7-10x-s2i1_Maximumintensityprojection.tif,pAR254xPDFflagATML1ox,7,Giant,29,7091,244.517,0.338,58.547,15614.276,3
Segmented_GiantCells_pAR254xCol0-col-F1#1-10x-s1i1_Maximumintensityprojection.tif,pAR254xCol0,1,Giant,9,1725,191.667,0.082,37.767,7326.778,3
Segmented_GiantCells_pAR254xCol0-col-F1#1-10x-s2i1_Maximumintensityprojection.tif,pAR254xCol0,1,Giant,8,1307,163.375,0.062,38.767,6840.25,3
Segmented_GiantCells_pAR254xCol0-col-F1#1-10x-s3i1_Maximumintensityprojection.tif,pAR254xCol0,1,Giant,18,2593,144.056,0.124,40.599,6286.944,3
Segmented_GiantCells_pAR254xCol0-col-F1#10-10x-s1i1_Maximumintensityprojection.tif,pAR254xCol0,10,Giant,15,2951,196.733,0.141,47.697,10378.8,3
Segmented_GiantCells_pAR254xCol0-col-F1#10-10x-s2i1_Maximumintensityprojection.tif,pAR254xCol0,10,Giant,10,2083,208.3,0.099,50.431,11938.9,3
Segmented_GiantCells_pAR254xCol0-col-F1#2-10x-s1i1_Maximumintensityprojection.tif,pAR254xCol0,2,Giant,2,428,214,0.02,37.913,8627.5,3
Segmented_GiantCells_pAR254xCol0-col-F1#2-10x-s2i1_Maximumintensityprojection.tif,pAR254xCol0,2,Giant,7,1321,188.714,0.063,42.697,8666.571,3
Segmented_GiantCells_pAR254xCol0-col-F1#4-10x-s1i1_Maximumintensityprojection.tif,pAR254xCol0,4,Giant,8,1169,146.125,0.028,38.78,5901.75,3
Segmented_GiantCells_pAR254xCol0-col-F1#4-10x-s2i1_Maximumintensityprojection.tif,pAR254xCol0,4,Giant,15,2766,184.4,0.132,43.868,9418.067,3
Segmented_GiantCells_pAR254xCol0-col-F1#5-10x-s1i1_Maximumintensityprojection.tif,pAR254xCol0,5,Giant,47,8358,177.83,0.399,49.174,9653.191,3
Segmented_GiantCells_pAR254xCol0-col-F1#6-10x-s1i1_Maximumintensityprojection.tif,pAR254xCol0,6,Giant,32,5060,158.125,0.241,46.514,8028.969,3
Segmented_GiantCells_pAR254xCol0-col-F1#6-10x-s2i1_Maximumintensityprojection.tif,pAR254xCol0,6,Giant,20,3012,150.6,0.144,45.571,7717.4,3
Segmented_GiantCells_pAR254xCol0-col-F1#7-10x-s1i1_Maximumintensityprojection.tif,pAR254xCol0,7,Giant,25,3581,143.24,0.171,41.817,6416,3
Segmented_GiantCells_pAR254xCol0-col-F1#7-10x-s2i1_Maximumintensityprojection.tif,pAR254xCol0,7,Giant,24,4097,170.708,0.195,46.46,9032.375,3
Segmented_GiantCells_pAR254xCol0-col-F1#7-10x-s3i1_Maximumintensityprojection.tif,pAR254xCol0,7,Giant,36,5892,163.667,0.281,59.82,11025.333,3
Segmented_GiantCells_pAR254xCol0-col-F1#7-10x-s4i1_Maximumintensityprojection.tif,pAR254xCol0,7,Giant,22,4023,182.864,0.192,61.051,11957.409,3
Segmented_GiantCells_pAR254xCol0-col-F1#8-10x-s1i1_Maximumintensityprojection.tif,pAR254xCol0,8,Giant,21,3619,172.333,0.173,45.945,9041.667,3
Segmented_GiantCells_pAR254xCol0-col-F1#8-10x-s2i1_Maximumintensityprojection.tif,pAR254xCol0,8,Giant,28,4235,151.25,0.202,52.244,9547.071,3
Segmented_GiantCells_pAR254xCol0-col-F1#8-10x-s3i1_Maximumintensityprojection.tif,pAR254xCol0,8,Giant,23,4174,181.478,0.199,61.983,12507.826,3
Segmented_GiantCells_pAR254xatml14-col-F1#1-10x-s1i1_Maximumintensityprojection.tif,pAR254xatml14,1,Giant,22,2591,117.773,0.124,39.422,4862.636,3
Segmented_GiantCells_pAR254xatml14-col-F1#1-10x-s2i1_Maximumintensityprojection.tif,pAR254xatml14,1,Giant,12,1614,134.5,0.077,34.791,4751.667,3
Segmented_GiantCells_pAR254xatml14-col-F1#1-10x-s3i1_Maximumintensityprojection.tif,pAR254xatml14,1,Giant,18,3461,192.278,0.165,51.832,11170.833,3
Segmented_GiantCells_pAR254xatml14-col-F1#1-10x-s4i1_Maximumintensityprojection.tif,pAR254xatml14,1,Giant,16,2603,162.688,0.124,46.633,8488.188,3
Segmented_GiantCells_pAR254xatml14-col-F1#2-10x-s1i1_Maximumintensityprojection.tif,pAR254xatml14,2,Giant,6,667,111.167,0.032,39.662,4933.167,3
Segmented_GiantCells_pAR254xatml14-col-F1#2-10x-s2i1_Maximumintensityprojection.tif,pAR254xatml14,2,Giant,11,2154,195.818,0.103,39.717,8541.909,3
Segmented_GiantCells_pAR254xatml14-col-F1#2-10x-s3i1_Maximumintensityprojection.tif,pAR254xatml14,2,Giant,8,1259,157.375,0.06,49.402,9150.5,3
Segmented_GiantCells_pAR254xatml14-col-F1#2-10x-s4i1_Maximumintensityprojection.tif,pAR254xatml14,2,Giant,5,721,144.2,0.034,35.397,5156.4,3
Segmented_GiantCells_pAR254xatml14-col-F1#4-10x-s1i1_Maximumintensityprojection.tif,pAR254xatml14,4,Giant,5,593,118.6,0.028,40.429,5138,3
Segmented_GiantCells_pAR254xatml14-col-F1#4-10x-s2i1_Maximumintensityprojection.tif,pAR254xatml14,4,Giant,16,2242,140.125,0.107,36.553,5384.5,3
Segmented_GiantCells_pAR254xatml14-col-F1#4-10x-s3i1_Maximumintensityprojection.tif,pAR254xatml14,4,Giant,2,309,154.5,0.015,61.256,9618.5,3
Segmented_GiantCells_pAR254xatml14-col-F1#4-10x-s4i1_Maximumintensityprojection.tif,pAR254xatml14,4,Giant,2,295,147.5,0.014,37.878,5945.5,3
Segmented_GiantCells_pAR254xatml14-col-F1#5-10x-s1i1_Maximumintensityprojection.tif,pAR254xatml14,5,Giant,6,1198,199.667,0.057,47.009,10142.833,3
Segmented_GiantCells_pAR254xatml14-col-F1#5-10x-s2i1_Maximumintensityprojection.tif,pAR254xatml14,5,Giant,7,1417,202.429,0.034,42.401,8924.429,3
Segmented_GiantCells_pAR254xatml14-col-F1#5-10x-s3i1_Maximumintensityprojection.tif,pAR254xatml14,5,Giant,2,226,113,0.011,32.06,3610,3
Segmented_GiantCells_pAR254xatml14-col-F1#6-10x-s1i1_Maximumintensityprojection.tif,pAR254xatml14,6,Giant,2,272,136,0.013,39.202,5368,3
Segmented_GiantCells_pAR254xatml14-col-F1#6-10x-s2i1_Maximumintensityprojection.tif,pAR254xatml14,6,Giant,21,3248,154.667,0.155,47.28,8420.905,3
Segmented_GiantCells_pAR254xatml14-col-F1#6-10x-s3i1_Maximumintensityprojection.tif,pAR254xatml14,6,Giant,15,1907,127.133,0.091,41.355,5353.067,3
Segmented_GiantCells_pAR254xatml14-col-F1#7-10x-s1i1_Maximumintensityprojection.tif,pAR254xatml14,7,Giant,9,1031,114.556,0.049,33.445,3917.333,3
Segmented_GiantCells_pAR254xatml14-col-F1#7-10x-s2i1_Maximumintensityprojection.tif,pAR254xatml14,7,Giant,7,917,131,0.044,34.701,4791.857,3
Segmented_GiantCells_pAR111xPDFflagATML1ox-col-F1#1-10x-s1i1_Maximumintensityprojection.tif,pAR111xPDFflagATML1ox,1,Giant,33,8826,267.455,0.421,53.395,15306.061,3
Segmented_GiantCells_pAR111xPDFflagATML1ox-col-F1#1-10x-s2i1_Maximumintensityprojection.tif,pAR111xPDFflagATML1ox,1,Giant,37,7501,202.73,0.358,57.055,13569.676,3
Segmented_GiantCells_pAR111xPDFflagATML1ox-col-F1#10-10x-s1i1_Maximumintensityprojection.tif,pAR111xPDFflagATML1ox,10,Giant,35,9005,257.286,0.43,77.402,22339.6,3
Segmented_GiantCells_pAR111xPDFflagATML1ox-col-F1#10-10x-s2i1_Maximumintensityprojection.tif,pAR111xPDFflagATML1ox,10,Giant,41,8848,215.805,0.422,55.309,12663.927,3
Segmented_GiantCells_pAR111xPDFflagATML1ox-col-F1#11-10x-s1i1_Maximumintensityprojection.tif,pAR111xPDFflagATML1ox,11,Giant,33,7259,219.97,0.346,60.389,14166.788,3
Segmented_GiantCells_pAR111xPDFflagATML1ox-col-F1#11-10x-s2i1_Maximumintensityprojection.tif,pAR111xPDFflagATML1ox,11,Giant,25,6878,275.12,0.328,62.72,18587.56,3
Segmented_GiantCells_pAR111xPDFflagATML1ox-col-F1#11-12x-s1i1_Maximumintensityprojection.tif,pAR111xPDFflagATML1ox,11,Giant,37,9185,248.243,0.438,60.196,16131.243,3
Segmented_GiantCells_pAR111xPDFflagATML1ox-col-F1#2-10x-s1i1_Maximumintensityprojection.tif,pAR111xPDFflagATML1ox,2,Giant,33,7721,233.97,0.368,74.884,19501.333,3
Segmented_GiantCells_pAR111xPDFflagATML1ox-col-F1#2-10x-s2i1_Maximumintensityprojection.tif,pAR111xPDFflagATML1ox,2,Giant,27,7452,276,0.355,71.495,22157.481,3
Segmented_GiantCells_pAR111xPDFflagATML1ox-col-F1#3-10x-s1i1_Maximumintensityprojection.tif,pAR111xPDFflagATML1ox,3,Giant,24,7084,295.167,0.338,50.232,15097.125,3
Segmented_GiantCells_pAR111xPDFflagATML1ox-col-F1#3-10x-s2i1_Maximumintensityprojection.tif,pAR111xPDFflagATML1ox,3,Giant,23,5026,218.522,0.24,59.633,13490.304,3
Segmented_GiantCells_pAR111xPDFflagATML1ox-col-F1#4-10x-s1i1_Maximumintensityprojection.tif,pAR111xPDFflagATML1ox,4,Giant,28,6746,240.929,0.322,83.38,22785.179,3
Segmented_GiantCells_pAR111xPDFflagATML1ox-col-F1#4-10x-s2i1_Maximumintensityprojection.tif,pAR111xPDFflagATML1ox,4,Giant,41,8842,215.659,0.281,65.573,15291.024,3
Segmented_GiantCells_pAR111xPDFflagATML1ox-col-F1#6-10x-s1i2_Maximumintensityprojection.tif,pAR111xPDFflagATML1ox,6,Giant,37,9244,249.838,0.441,62.284,16841.027,3
Segmented_GiantCells_pAR111xPDFflagATML1ox-col-F1#6-10x-s2i1_Maximumintensityprojection.tif,pAR111xPDFflagATML1ox,6,Giant,29,8615,297.069,0.411,66.966,20778.552,3
Segmented_GiantCells_pAR111xPDFflagATML1ox-col-F1#7-10x-s1i1_Maximumintensityprojection.tif,pAR111xPDFflagATML1ox,7,Giant,45,10289,228.644,0.327,55.926,14337.978,3
Segmented_GiantCells_pAR111xPDFflagATML1ox-col-F1#7-10x-s2i1_Maximumintensityprojection.tif,pAR111xPDFflagATML1ox,7,Giant,24,6245,260.208,0.298,60.138,17300.792,3
Segmented_GiantCells_pAR111xPDFflagATML1ox-col-F1#8-10x-s1i1_Maximumintensityprojection.tif,pAR111xPDFflagATML1ox,8,Giant,39,9173,235.205,0.437,54.713,14105.974,3
Segmented_GiantCells_pAR111xPDFflagATML1ox-col-F1#8-10x-s2i1_Maximumintensityprojection.tif,pAR111xPDFflagATML1ox,8,Giant,17,5294,311.412,0.252,53.783,17254.706,3
Segmented_GiantCells_pAR111xPDFflagATML1ox-col-F1#9-10x-s1i1_Maximumintensityprojection.tif,pAR111xPDFflagATML1ox,9,Giant,70,16534,236.2,0.789,66.747,17488.529,3
Segmented_GiantCells_pAR111xCol0-col-F1#1-10x-s1i1_Maximumintensityprojection.tif,pAR111xCol0,1,Giant,16,2551,159.438,0.122,55.588,10173.375,3
Segmented_GiantCells_pAR111xCol0-col-F1#1-10x-s2i1_Maximumintensityprojection.tif,pAR111xCol0,1,Giant,20,3941,197.05,0.188,60.61,13470.85,3
Segmented_GiantCells_pAR111xCol0-col-F1#1-10x-s3i1_Maximumintensityprojection.tif,pAR111xCol0,1,Giant,8,1230,153.75,0.059,37.472,5933.75,3
Segmented_GiantCells_pAR111xCol0-col-F1#1-10x-s4i1_Maximumintensityprojection.tif,pAR111xCol0,1,Giant,10,1832,183.2,0.087,48.774,9792.8,3
Segmented_GiantCells_pAR111xCol0-col-F1#2-10x-s1i1_Maximumintensityprojection.tif,pAR111xCol0,2,Giant,7,1192,170.286,0.057,39.85,7313.857,3
Segmented_GiantCells_pAR111xCol0-col-F1#2-10x-s2i1_Maximumintensityprojection.tif,pAR111xCol0,2,Giant,11,2579,234.455,0.123,59.716,15362.636,3
Segmented_GiantCells_pAR111xCol0-col-F1#3-10x-s1i1_Maximumintensityprojection.tif,pAR111xCol0,3,Giant,10,1478,147.8,0.071,43.996,7059.5,3
Segmented_GiantCells_pAR111xCol0-col-F1#3-10x-s2i1_Maximumintensityprojection.tif,pAR111xCol0,3,Giant,15,2840,189.333,0.135,55.478,12416.8,3
Segmented_GiantCells_pAR111xCol0-col-F1#4-10x-s1i1_Maximumintensityprojection.tif,pAR111xCol0,4,Giant,9,1645,182.778,0.078,46.873,9008.556,3
Segmented_GiantCells_pAR111xCol0-col-F1#4-10x-s2i1_Maximumintensityprojection.tif,pAR111xCol0,4,Giant,11,2066,187.818,0.099,49.853,11350.909,3
Segmented_GiantCells_pAR111xCol0-col-F1#5-10x-s1i1_Maximumintensityprojection.tif,pAR111xCol0,5,Giant,9,1828,203.111,0.087,57.1,12639.222,3
Segmented_GiantCells_pAR111xCol0-col-F1#5-10x-s2i1_Maximumintensityprojection.tif,pAR111xCol0,5,Giant,13,2505,192.692,0.119,64.661,13781.846,3
Segmented_GiantCells_pAR111xCol0-col-F1#7-10x-s1i1_Maximumintensityprojection.tif,pAR111xCol0,7,Giant,10,2409,240.9,0.115,56.804,14532.7,3
Segmented_GiantCells_pAR111xCol0-col-F1#7-10x-s2i1_Maximumintensityprojection.tif,pAR111xCol0,7,Giant,12,1987,165.583,0.095,47.311,9053.917,3
Segmented_GiantCells_pAR111xCol0-col-F1#8-10x-s1i1_Maximumintensityprojection.tif,pAR111xCol0,8,Giant,6,1005,167.5,0.048,35.689,6219.833,3
Segmented_GiantCells_pAR111xCol0-col-F1#8-10x-s2i1_Maximumintensityprojection.tif,pAR111xCol0,8,Giant,8,1262,157.75,0.06,44.535,8708.25,3
Segmented_GiantCells_pAR111xCol0-col-F1#8-10x-s3i1_Maximumintensityprojection.tif,pAR111xCol0,8,Giant,8,1406,175.75,0.067,48.795,9142,3
Segmented_GiantCells_pAR111xCol0-col-F1#9-10x-s1i1_Maximumintensityprojection.tif,pAR111xCol0,9,Giant,21,3745,178.333,0.179,54.428,10812.286,3
Segmented_GiantCells_pAR111xCol0-col-F1#9-10x-s2i1_Maximumintensityprojection.tif,pAR111xCol0,9,Giant,22,3342,151.909,0.159,49.632,8602.409,3
Segmented_GiantCells_pAR111xCol0-col-F1#9-10x-s3i1_Maximumintensityprojection.tif,pAR111xCol0,9,Giant,16,3275,204.688,0.156,71.222,16420.5,3
Segmented_GiantCells_pAR111xatml14ko-col-F1#10-10x-s1i1_Maximumintensityprojection.tif,pAR111xatml14ko,10,Giant,6,731,121.833,0.035,42.92,5895,3
Segmented_GiantCells_pAR111xatml14ko-col-F1#10-10x-s2i1_Maximumintensityprojection.tif,pAR111xatml14ko,10,Giant,5,728,145.6,0.035,39.4,5864.6,3
Segmented_GiantCells_pAR111xatml14ko-col-F1#10-10x-s3i1_Maximumintensityprojection.tif,pAR111xatml14ko,10,Giant,6,990,165,0.047,39.687,6754.833,3
Segmented_GiantCells_pAR111xatml14ko-col-F1#10-10x-s4i1_Maximumintensityprojection.tif,pAR111xatml14ko,10,Giant,6,871,145.167,0.042,49.447,8484.167,3
Segmented_GiantCells_pAR111xatml14ko-col-F1#12-10x-s1i1_Maximumintensityprojection.tif,pAR111xatml14ko,12,Giant,4,594,148.5,0.028,39.028,5800.5,3
Segmented_GiantCells_pAR111xatml14ko-col-F1#12-10x-s2i1_Maximumintensityprojection.tif,pAR111xatml14ko,12,Giant,4,687,171.75,0.033,39.011,7008.5,3
Segmented_GiantCells_pAR111xatml14ko-col-F1#12-10x-s3i1_Maximumintensityprojection.tif,pAR111xatml14ko,12,Giant,5,772,154.4,0.037,43.687,6957.2,3
Segmented_GiantCells_pAR111xatml14ko-col-F1#12-10x-s4i1_Maximumintensityprojection.tif,pAR111xatml14ko,12,Giant,5,723,144.6,0.034,34.879,5112.8,3
Segmented_GiantCells_pAR111xatml14ko-col-F1#13-10x-s1i1_Maximumintensityprojection.tif,pAR111xatml14ko,13,Giant,1,232,232,0.011,43.091,9997,3
Segmented_GiantCells_pAR111xatml14ko-col-F1#13-10x-s2i1_Maximumintensityprojection.tif,pAR111xatml14ko,13,Giant,2,297,148.5,0.014,60.181,10470.5,3
Segmented_GiantCells_pAR111xatml14ko-col-F1#7-10x-s1i1_Maximumintensityprojection.tif,pAR111xatml14ko,7,Giant,6,758,126.333,0.036,34.313,4938.167,3
Segmented_GiantCells_pAR111xatml14ko-col-F1#7-10x-s2i1_Maximumintensityprojection.tif,pAR111xatml14ko,7,Giant,6,908,151.333,0.043,48.515,7965.833,3
Segmented_GiantCells_pAR111xatml14ko-col-F1#8-10x-s1i1_Maximumintensityprojection.tif,pAR111xatml14ko,8,Giant,0,0,NaN,0,NaN,NaN,3
Segmented_GiantCells_pAR111xatml14ko-col-F1#8-10x-s2i1_Maximumintensityprojection.tif,pAR111xatml14ko,8,Giant,5,745,149,0.036,51.607,7973.8,3
Segmented_GiantCells_pAR111xatml14ko-col-F1#8-10x-s3i1_Maximumintensityprojection.tif,pAR111xatml14ko,8,Giant,5,748,149.6,0.036,48.821,8644.6,3
Segmented_GiantCells_pAR111xatml14ko-col-F1#8-10x-s4i1_Maximumintensityprojection.tif,pAR111xatml14ko,8,Giant,3,683,227.667,0.033,65.094,17047.667,3
Segmented_GiantCells_pAR111xatml14ko-col-F1#9-10x-s1i1_Maximumintensityprojection.tif,pAR111xatml14ko,9,Giant,4,539,134.75,0.026,36.119,5190.75,3
Segmented_GiantCells_pAR111xatml14ko-col-F1#9-10x-s2i1_Maximumintensityprojection.tif,pAR111xatml14ko,9,Giant,5,534,106.8,0.025,34.762,3873.8,3
Segmented_GiantCells_pAR111xatml14ko-col-F1#9-10x-s3i1_Maximumintensityprojection.tif,pAR111xatml14ko,9,Giant,9,1914,212.667,0.091,47.152,10531.667,3
Segmented_GiantCells_pAR111xatml14ko-col-F1#9-10x-s4i1_Maximumintensityprojection.tif,pAR111xatml14ko,9,Giant,5,924,184.8,0.044,86.492,19429.6,3
Segmented_SmallCells_pAR254xCol0-col-F1#1-10x-s1i1_Maximumintensityprojection.tif,pAR254xCol0,1,Small,652,21524,33.012,1.026,23.983,887.308,4
Segmented_SmallCells_pAR254xCol0-col-F1#1-10x-s2i1_Maximumintensityprojection.tif,pAR254xCol0,1,Small,623,21481,34.48,1.024,24.366,948.894,4
Segmented_SmallCells_pAR254xCol0-col-F1#11-10x-s1i1_Maximumintensityprojection.tif,pAR254xCol0,11,Small,859,33186,38.633,1.582,28.598,1280.21,4
Segmented_SmallCells_pAR254xCol0-col-F1#11-10x-s2i1_Maximumintensityprojection.tif,pAR254xCol0,11,Small,798,29300,36.717,1.397,26.015,1086.595,4
Segmented_SmallCells_pAR254xCol0-col-F1#2-10x-s1i1_Maximumintensityprojection.tif,pAR254xCol0,2,Small,939,39250,41.8,1.872,32.251,1562.227,4
Segmented_SmallCells_pAR254xCol0-col-F1#2-10x-s2i1_Maximumintensityprojection.tif,pAR254xCol0,2,Small,813,29249,35.977,1.395,26.852,1115.76,4
Segmented_SmallCells_pAR254xCol0-col-F1#4-10x-s1i1_Maximumintensityprojection.tif,pAR254xCol0,4,Small,498,15793,31.713,0.753,22.893,845.873,4
Segmented_SmallCells_pAR254xCol0-col-F1#4-10x-s2i1_Maximumintensityprojection.tif,pAR254xCol0,4,Small,440,12646,28.741,0.603,20.611,673.623,4
Segmented_SmallCells_pAR254xCol0-col-F1#7-10x-s1i1_Maximumintensityprojection.tif,pAR254xCol0,7,Small,866,33904,39.15,1.617,29.508,1320.376,4
Segmented_SmallCells_pAR254xCol0-col-F1#7-10x-s2i1_Maximumintensityprojection.tif,pAR254xCol0,7,Small,660,24503,37.126,1.168,27.332,1169.003,4
Segmented_SmallCells_pAR254xCol0-col-F1#7-10x-s3i1_Maximumintensityprojection.tif,pAR254xCol0,7,Small,754,33171,43.993,1.582,33.53,1671.316,4
Segmented_SmallCells_pAR254xCol0-col-F1#7-10x-s4i1_Maximumintensityprojection.tif,pAR254xCol0,7,Small,784,33142,42.273,1.58,31.887,1523.812,4
Segmented_SmallCells_pAR254xCol0-col-F1#8-10x-s1i1_Maximumintensityprojection.tif,pAR254xCol0,8,Small,1052,43568,41.414,1.385,31.664,1474.282,4
Segmented_SmallCells_pAR254xCol0-col-F1#8-10x-s2i1_Maximumintensityprojection.tif,pAR254xCol0,8,Small,1005,42451,42.24,1.349,31.552,1522.985,4
Segmented_SmallCells_pAR254xCol0-col-F1#9-10x-s1i2_Maximumintensityprojection.tif,pAR254xCol0,9,Small,709,29287,41.307,1.397,31.996,1529.419,4
Segmented_SmallCells_pAR254xCol0-col-F1#9-10x-s2i1_Maximumintensityprojection.tif,pAR254xCol0,9,Small,687,25422,37.004,1.212,27.564,1190.565,4
Segmented_SmallCells_pAR254xCol0-col-F1#9-10x-s3i1_Maximumintensityprojection.tif,pAR254xCol0,9,Small,847,35011,41.335,1.67,31.831,1531.665,4
Segmented_SmallCells_pAR254xCol0-col-F1#9-10x-s4i1_Maximumintensityprojection.tif,pAR254xCol0,9,Small,787,31438,39.947,1.5,30.216,1381.944,4
Segmented_SmallCells_pAR254xCol0-col-F1#9-10x-s5i1_Maximumintensityprojection.tif,pAR254xCol0,9,Small,827,29877,36.127,1.425,26.285,1077.148,4
Segmented_SmallCells_pAR254xCol0-col-F1#9-10x-s6i1_Maximumintensityprojection.tif,pAR254xCol0,9,Small,849,31994,37.684,1.526,28.156,1229.232,4
Segmented_SmallCells_pAR254xatml14-col-F1#1-10x-s1i1_Maximumintensityprojection.tif,pAR254xatml14,1,Small,550,16681,30.329,0.796,21.835,751.653,4
Segmented_SmallCells_pAR254xatml14-col-F1#1-10x-s2i1_Maximumintensityprojection.tif,pAR254xatml14,1,Small,478,13732,28.728,0.655,21.249,702.351,4
Segmented_SmallCells_pAR254xatml14-col-F1#10-10x-s1i1_Maximumintensityprojection.tif,pAR254xatml14,10,Small,700,26206,37.437,1.25,28.293,1240.011,4
Segmented_SmallCells_pAR254xatml14-col-F1#10-10x-s2i1_Maximumintensityprojection.tif,pAR254xatml14,10,Small,732,30625,41.837,1.46,31.279,1529.91,4
Segmented_SmallCells_pAR254xatml14-col-F1#12-10x-s1i1_Maximumintensityprojection.tif,pAR254xatml14,12,Small,773,29023,37.546,1.385,26.519,1106.602,4
Segmented_SmallCells_pAR254xatml14-col-F1#12-10x-s2i1_Maximumintensityprojection.tif,pAR254xatml14,12,Small,735,26352,35.853,1.257,24.996,1017.027,4
Segmented_SmallCells_pAR254xatml14-col-F1#2-10x-s1i1_Maximumintensityprojection.tif,pAR254xatml14,2,Small,593,18405,31.037,0.878,22.692,787.723,4
Segmented_SmallCells_pAR254xatml14-col-F1#2-10x-s2i1_Maximumintensityprojection.tif,pAR254xatml14,2,Small,625,21546,34.474,1.028,23.535,936.246,4
Segmented_SmallCells_pAR254xatml14-col-F1#4-10x-s1i1_Maximumintensityprojection.tif,pAR254xatml14,4,Small,419,12872,30.721,0.614,23.508,826.897,4
Segmented_SmallCells_pAR254xatml14-col-F1#4-10x-s2i1_Maximumintensityprojection.tif,pAR254xatml14,4,Small,615,19889,32.34,0.948,23.686,876.216,4
Segmented_SmallCells_pAR254xatml14-col-F1#5-10x-s1i1_Maximumintensityprojection.tif,pAR254xatml14,5,Small,791,27278,34.485,1.301,23.681,929.886,4
Segmented_SmallCells_pAR254xatml14-col-F1#5-10x-s2i1_Maximumintensityprojection.tif,pAR254xatml14,5,Small,745,25551,34.297,1.219,24.372,953.893,4
Segmented_SmallCells_pAR254xatml14-col-F1#6-10x-s1i1_Maximumintensityprojection.tif,pAR254xatml14,6,Small,533,16381,30.734,0.781,23.733,828.259,4
Segmented_SmallCells_pAR254xatml14-col-F1#6-10x-s2i1_Maximumintensityprojection.tif,pAR254xatml14,6,Small,446,13291,29.8,0.634,23.138,794.807,4
Segmented_SmallCells_pAR254xatml14-col-F1#7-10x-s1i1_Maximumintensityprojection.tif,pAR254xatml14,7,Small,738,30283,41.034,1.445,30.744,1461.233,4
Segmented_SmallCells_pAR254xatml14-col-F1#7-10x-s2i1_Maximumintensityprojection.tif,pAR254xatml14,7,Small,625,23565,37.704,1.124,29.099,1274.037,4
Segmented_SmallCells_pAR254xatml14-col-F1#8-10x-s1i1_Maximumintensityprojection.tif,pAR254xatml14,8,Small,835,33678,40.333,1.607,30.072,1398.265,4
Segmented_SmallCells_pAR254xatml14-col-F1#8-10x-s2i1_Maximumintensityprojection.tif,pAR254xatml14,8,Small,813,31295,38.493,1.492,29.53,1327.311,4
Segmented_SmallCells_pAR254xatml14-col-F1#9-10x-s1i1_Maximumintensityprojection.tif,pAR254xatml14,9,Small,676,28757,42.54,1.371,33.479,1612.374,4
Segmented_SmallCells_pAR254xatml14-col-F1#9-10x-s2i1_Maximumintensityprojection.tif,pAR254xatml14,9,Small,728,27972,38.423,1.334,30.656,1352.67,4
Segmented_SmallCells_pAR254xPDFflagATML1ox-col-F1#1-10x-s1i1_Maximumintensityprojection.tif,pAR254xPDFflagATML1ox,1,Small,399,16857,42.248,0.804,31.712,1545.506,4
Segmented_SmallCells_pAR254xPDFflagATML1ox-col-F1#1-10x-s2i1_Maximumintensityprojection.tif,pAR254xPDFflagATML1ox,1,Small,449,17466,38.9,0.833,29.825,1360.045,4
Segmented_SmallCells_pAR254xPDFflagATML1ox-col-F1#1-10x-s3i1_Maximumintensityprojection.tif,pAR254xPDFflagATML1ox,1,Small,377,13010,34.509,0.62,27.422,1087.231,4
Segmented_SmallCells_pAR254xPDFflagATML1ox-col-F1#1-10x-s4i1_Maximumintensityprojection.tif,pAR254xPDFflagATML1ox,1,Small,355,13547,38.161,0.646,30.125,1306.927,4
Segmented_SmallCells_pAR254xPDFflagATML1ox-col-F1#10-10x-s1i1_Maximumintensityprojection.tif,pAR254xPDFflagATML1ox,10,Small,325,10123,31.148,0.322,23.894,832.086,4
Segmented_SmallCells_pAR254xPDFflagATML1ox-col-F1#10-10x-s2i1_Maximumintensityprojection.tif,pAR254xPDFflagATML1ox,10,Small,242,8125,33.574,0.387,26.86,1006.14,4
Segmented_SmallCells_pAR254xPDFflagATML1ox-col-F1#2-10x-s1i1_Maximumintensityprojection.tif,pAR254xPDFflagATML1ox,2,Small,416,15415,37.055,0.49,27.562,1161.37,4
Segmented_SmallCells_pAR254xPDFflagATML1ox-col-F1#2-10x-s2i1_Maximumintensityprojection.tif,pAR254xPDFflagATML1ox,2,Small,425,16243,38.219,0.775,29.025,1230.209,4
Segmented_SmallCells_pAR254xPDFflagATML1ox-col-F1#2-10x-s3i1_Maximumintensityprojection.tif,pAR254xPDFflagATML1ox,2,Small,431,15852,36.78,0.756,27.606,1162.434,4
Segmented_SmallCells_pAR254xPDFflagATML1ox-col-F1#2-10x-s4i1_Maximumintensityprojection.tif,pAR254xPDFflagATML1ox,2,Small,380,14000,36.842,0.668,27.594,1147.932,4
Segmented_SmallCells_pAR254xPDFflagATML1ox-col-F1#3-10x-s1i1_Maximumintensityprojection.tif,pAR254xPDFflagATML1ox,3,Small,438,15341,35.025,0.732,26.298,1014.281,4
Segmented_SmallCells_pAR254xPDFflagATML1ox-col-F1#3-10x-s2i1_Maximumintensityprojection.tif,pAR254xPDFflagATML1ox,3,Small,388,13332,34.361,0.636,24.859,968.08,4
Segmented_SmallCells_pAR254xPDFflagATML1ox-col-F1#4-10x-s1i1_Maximumintensityprojection.tif,pAR254xPDFflagATML1ox,4,Small,382,12585,32.945,0.6,25.325,928.301,4
Segmented_SmallCells_pAR254xPDFflagATML1ox-col-F1#4-10x-s2i1_Maximumintensityprojection.tif,pAR254xPDFflagATML1ox,4,Small,343,10632,30.997,0.507,22.121,754.531,4
Segmented_SmallCells_pAR254xPDFflagATML1ox-col-F1#7-10x-s1i1_Maximumintensityprojection.tif,pAR254xPDFflagATML1ox,7,Small,281,8919,31.74,0.425,23.595,849.694,4
Segmented_SmallCells_pAR254xPDFflagATML1ox-col-F1#7-10x-s2i1_Maximumintensityprojection.tif,pAR254xPDFflagATML1ox,7,Small,182,4808,26.418,0.229,19.775,578.989,4
Segmented_SmallCells_pAR254xPDFflagATML1ox-col-F1#8-10x-s1i1_Maximumintensityprojection.tif,pAR254xPDFflagATML1ox,8,Small,356,13681,38.43,0.435,27.176,1178.82,4
Segmented_SmallCells_pAR254xPDFflagATML1ox-col-F1#8-10x-s2i1_Maximumintensityprojection.tif,pAR254xPDFflagATML1ox,8,Small,365,12938,35.447,0.411,26.847,1118.904,4
Segmented_SmallCells_pAR254xPDFflagATML1ox-col-F1#9-10x-s1i1_Maximumintensityprojection.tif,pAR254xPDFflagATML1ox,9,Small,377,13019,34.533,0.621,26.834,1047.04,4
Segmented_SmallCells_pAR254xPDFflagATML1ox-col-F1#9-10x-s2i1_Maximumintensityprojection.tif,pAR254xPDFflagATML1ox,9,Small,425,16309,38.374,0.519,28.96,1236.141,4
